{
  "cfg": {
    "documents": "data/documents",
    "gold": "data/qa_gold.jsonl",
    "retriever": "hybrid",
    "hybrid_mode": "minmax",
    "alpha": 0.8,
    "k": 10,
    "k_ctx": 3,
    "rerank_top": 20
  },
  "metrics": {
    "ndcg@10": 0.9384355378153374,
    "recall@3": 0.96,
    "hit_rate@1": 0.88,
    "search_p50_ms": 9.153199999673234,
    "search_p95_ms": 10.184100000333274,
    "em": 0.44,
    "f1": 0.547030303030303,
    "full_p50_ms": 48.7037999992026,
    "full_p95_ms": 52.90075999946566,
    "retriever": "Hybrid-MINMAX"
  }
}