{
  "cfg": {
    "documents": "data/documents",
    "gold": "data/qa_gold.jsonl",
    "retriever": "hybrid",
    "hybrid_mode": "minmax",
    "alpha": 0.8,
    "k": 10,
    "k_ctx": 3,
    "rerank_top": 0
  },
  "metrics": {
    "ndcg@10": 0.9384355378153374,
    "recall@3": 0.96,
    "hit_rate@1": 0.88,
    "search_p50_ms": 7.850399999824731,
    "search_p95_ms": 9.647680000080069,
    "em": 0.4,
    "f1": 0.4803636363636364,
    "supported_rate": 1.0,
    "full_p50_ms": 9.868900000128633,
    "full_p95_ms": 11.767660000032262,
    "retriever": "Hybrid-MINMAX"
  }
}