{
  "cfg": {
    "documents": "data/documents",
    "gold": "data/qa_gold.jsonl",
    "retriever": "bm25",
    "hybrid_mode": "minmax",
    "alpha": 0.8,
    "k": 10,
    "k_ctx": 3,
    "rerank_top": 0
  },
  "metrics": {
    "ndcg@10": 0.9293972010102134,
    "recall@3": 0.96,
    "hit_rate@1": 0.88,
    "search_p50_ms": 0.03169999945384916,
    "search_p95_ms": 0.04185999987385003,
    "em": 0.4,
    "f1": 0.4803636363636364,
    "full_p50_ms": 1.3619999999718857,
    "full_p95_ms": 1.4967200000683076,
    "retriever": "BM25"
  }
}